{"bs_10": {"mean_train_time": 112.62755141258239, "std_train_time": 1.4378006429459897}, "bs_12": {"mean_train_time": 137.96338200569153, "std_train_time": 2.069428081747378}, "bs_16": {"mean_train_time": 70.0567024230957, "std_train_time": 1.7587286999415424}, "bs_20": {"mean_train_time": 56.84438362121582, "std_train_time": 1.7812003478025922}, "bs_25": {"mean_train_time": 45.596169996261594, "std_train_time": 1.5972844933717434}, "bs_32": {"mean_train_time": 38.52554540634155, "std_train_time": 1.8710032556342773}, "bs_41": {"mean_train_time": 40.6794958114624, "std_train_time": 2.0898267893906803}, "bs_52": {"mean_train_time": 32.4328330039978, "std_train_time": 2.04724950226997}, "bs_67": {"mean_train_time": 25.61660318374634, "std_train_time": 2.080899577993675}, "bs_85": {"mean_train_time": 20.365525007247925, "std_train_time": 1.9860950615439308}, "bs_108": {"mean_train_time": 16.378725385665895, "std_train_time": 1.965973453824832}, "bs_137": {"mean_train_time": 13.022536611557006, "std_train_time": 1.9774878622017817}, "bs_174": {"mean_train_time": 10.661774969100952, "std_train_time": 2.1551879856128977}, "bs_221": {"mean_train_time": 8.744341230392456, "std_train_time": 2.067305902434291}, "bs_280": {"mean_train_time": 7.180195379257202, "std_train_time": 2.110537325459732}, "bs_356": {"mean_train_time": 5.914683198928833, "std_train_time": 2.1419614219704126}, "bs_452": {"mean_train_time": 4.942959213256836, "std_train_time": 2.1540624001554014}, "bs_573": {"mean_train_time": 4.110580205917358, "std_train_time": 1.991712134254581}, "bs_727": {"mean_train_time": 3.6587778091430665, "std_train_time": 2.0179893215669487}, "bs_923": {"mean_train_time": 3.3848397731781006, "std_train_time": 2.238816917705214}, "bs_1172": {"mean_train_time": 3.0534241676330565, "std_train_time": 2.1749266794898614}, "bs_1487": {"mean_train_time": 2.6858171939849855, "std_train_time": 1.9674483050457197}, "bs_1887": {"mean_train_time": 2.659123420715332, "std_train_time": 2.222322015781081}, "bs_2395": {"mean_train_time": 2.4061962127685548, "std_train_time": 1.9903361224210205}, "bs_3039": {"mean_train_time": 2.339537191390991, "std_train_time": 2.038552071936617}, "bs_3856": {"mean_train_time": 2.3472812175750732, "std_train_time": 2.246143169336035}, "bs_4893": {"mean_train_time": 2.138785982131958, "std_train_time": 1.9906639669437372}, "bs_6210": {"mean_train_time": 2.3973005771636964, "std_train_time": 2.313524975361242}, "bs_7880": {"mean_train_time": 2.1369388103485107, "std_train_time": 2.0238329460628477}, "bs_10000": {"mean_train_time": 2.135376977920532, "std_train_time": 1.9470398454276812}}