{"bd_50": [0.45253777503967285, 0.7818499803543091, 0.8665655851364136], "bd_70": [0.4568203091621399, 0.7788820266723633, 0.8637176752090454], "bd_10": [0.48624759912490845, 0.758974015712738, 0.8429802656173706], "bd_80": [0.45735034346580505, 0.7784820199012756, 0.8633622527122498], "bd_30": [0.4571201205253601, 0.7784979939460754, 0.8636562824249268], "bd_60": [0.45812517404556274, 0.7778080105781555, 0.8627211451530457], "bd_35": [0.4553830027580261, 0.7805020213127136, 0.8647076487541199], "bd_90": [0.4643963575363159, 0.7738080024719238, 0.8585219979286194], "bd_40": [0.4595462679862976, 0.7769560217857361, 0.8617882132530212], "bd_15": [0.4711001515388489, 0.7691580057144165, 0.8537515997886658], "bd_100": [0.4670124650001526, 0.7718700170516968, 0.8567346930503845], "bd_45": [0.45902591943740845, 0.7768759727478027, 0.862098217010498], "bd_5": [0.509975254535675, 0.743261992931366, 0.8247935771942139], "bd_20": [0.4652077853679657, 0.7731639742851257, 0.8579931259155273]}