{"bd5": {"params": 2730, "mean_train_time": 6.469939494132996, "std_train_time": 1.5632307705138841, "eval_time": 7.55637378692627}, "bd10": {"params": 16005, "mean_train_time": 7.077231383323669, "std_train_time": 1.4106117826764986, "eval_time": 7.712157344818115}, "bd15": {"params": 50330, "mean_train_time": 6.757262492179871, "std_train_time": 1.311768980488712, "eval_time": 7.91226601600647}, "bd20": {"params": 116205, "mean_train_time": 7.343891191482544, "std_train_time": 1.4426995851591145, "eval_time": 7.582794427871704}, "bd25": {"params": 224130, "mean_train_time": 7.932005715370178, "std_train_time": 1.4000477963637195, "eval_time": 8.0597505569458}, "bd30": {"params": 384605, "mean_train_time": 9.35550479888916, "std_train_time": 1.4325593733313746, "eval_time": 8.133207082748413}, "bd35": {"params": 608130, "mean_train_time": 11.280286312103271, "std_train_time": 1.4271389743955942, "eval_time": 7.747419118881226}, "bd40": {"params": 905205, "mean_train_time": 11.325585007667542, "std_train_time": 1.3139991085248865, "eval_time": 7.995626926422119}, "bd45": {"params": 1286330, "mean_train_time": 12.606908297538757, "std_train_time": 1.2733971992939848, "eval_time": 7.913170576095581}, "bd50": {"params": 1762005, "mean_train_time": 16.627021288871767, "std_train_time": 1.5051814416969092, "eval_time": 7.872951984405518}, "bd55": {"params": 2342730, "mean_train_time": 20.608672499656677, "std_train_time": 1.3127109199179692, "eval_time": 8.166858196258545}, "bd60": {"params": 3039005, "mean_train_time": 26.93919219970703, "std_train_time": 1.4167954135109608, "eval_time": 8.103439807891846}, "bd65": {"params": 3861330, "mean_train_time": 25.503810000419616, "std_train_time": 1.5008720402976794, "eval_time": 8.106017589569092}, "bd70": {"params": 4820205, "mean_train_time": 29.622176098823548, "std_train_time": 1.28616913286108, "eval_time": 8.027026653289795}, "bd75": {"params": 5926130, "mean_train_time": 48.26877160072327, "std_train_time": 1.5267645386149757, "eval_time": 8.107284307479858}, "bd80": {"params": 7189605, "mean_train_time": 60.35772709846496, "std_train_time": 1.3722298412924885, "eval_time": 8.22427487373352}, "bd85": {"params": 8621130, "mean_train_time": 52.26613998413086, "std_train_time": 1.6802551330279512, "eval_time": 8.156929016113281}, "bd90": {"params": 10231205, "mean_train_time": 64.9655301809311, "std_train_time": 1.4607568357426512, "eval_time": 8.50135850906372}, "bd95": {"params": 12030330, "mean_train_time": 53.97987868785858, "std_train_time": 1.2919579596469934, "eval_time": 8.3294095993042}, "bd100": {"params": 14029005, "mean_train_time": 94.3053540945053, "std_train_time": 1.3456174021600626, "eval_time": 8.401639461517334}}