{"bd5": {"mean_eval_time": 0.01919448496115328, "std_eval_time": 0.001606827721935589}, "bd10": {"mean_eval_time": 0.018570928862600616, "std_eval_time": 0.0017330425047441113}, "bd15": {"mean_eval_time": 0.01847362999964242, "std_eval_time": 0.0015053300344134441}, "bd20": {"mean_eval_time": 0.018832401795820755, "std_eval_time": 0.0015788294084735663}, "bd25": {"mean_eval_time": 0.01845948142234725, "std_eval_time": 0.0017901493524056335}, "bd30": {"mean_eval_time": 0.018964244861795446, "std_eval_time": 0.0016667997151150996}, "bd35": {"mean_eval_time": 0.018855017845076743, "std_eval_time": 0.0014860504329390993}, "bd40": {"mean_eval_time": 0.01899192309138751, "std_eval_time": 0.0016542669366300807}, "bd45": {"mean_eval_time": 0.018898443742231888, "std_eval_time": 0.0014867921802720625}, "bd50": {"mean_eval_time": 0.018827144545738143, "std_eval_time": 0.0016211707323738403}, "bd55": {"mean_eval_time": 0.019414179252855705, "std_eval_time": 0.001614661628759418}, "bd60": {"mean_eval_time": 0.018945115985292377, "std_eval_time": 0.0017481423622892288}, "bd65": {"mean_eval_time": 0.018770904252023407, "std_eval_time": 0.0015956399013347055}, "bd70": {"mean_eval_time": 0.01907110455060246, "std_eval_time": 0.0014917680706045301}, "bd75": {"mean_eval_time": 0.019039536967422024, "std_eval_time": 0.0015138120302593805}, "bd80": {"mean_eval_time": 0.018726999109441585, "std_eval_time": 0.0015190533583519935}, "bd85": {"mean_eval_time": 0.018741157319810655, "std_eval_time": 0.0016107866996439828}, "bd90": {"mean_eval_time": 0.02762162083327168, "std_eval_time": 0.08640141366107053}, "bd95": {"mean_eval_time": 0.01897772153218587, "std_eval_time": 0.0015619696846920295}, "bd100": {"mean_eval_time": 0.018687616695057262, "std_eval_time": 0.00167901565800272}}