{"order_2": {"mean_train_time": 11.380256509780883, "std_train_time": 1.4070995297945053, "eval_time": 8.610011911392212}, "order_3": {"mean_train_time": 11.069916892051697, "std_train_time": 1.3898858208414406, "eval_time": 8.78024673461914}, "order_4": {"mean_train_time": 11.698643708229065, "std_train_time": 1.4954603952400276, "eval_time": 8.939388036727905}, "order_5": {"mean_train_time": 12.063978600502015, "std_train_time": 1.4925527754913002, "eval_time": 9.293504238128662}}