{"order_2": {"mean_train_time": 11.7001207113266, "std_train_time": 1.4822172438004133, "eval_time": 8.6468337059021}, "order_3": {"mean_train_time": 11.178192305564881, "std_train_time": 1.5226076785378924, "eval_time": 8.797370910644531}, "order_4": {"mean_train_time": 11.231093811988831, "std_train_time": 1.4849441055573855, "eval_time": 8.914148807525635}, "order_5": {"mean_train_time": 11.247821593284607, "std_train_time": 1.4643268960696478, "eval_time": 9.13077163696289}}