{"order2":[0.5315548777580261,0.777184009552002,0.8619340062141418],"order3":[ 0.523118078708648, 0.781252026557922, 0.865959107875824],"order4":[0.5123921036720276,
0.7812359929084778,0.8658817410469055],"order5":[ 0.5134373307228088, 0.7806739807128906, 0.8655457496643066]}

