{"order2":[ 0.5262178182601929, 0.7814260125160217, 0.8657292723655701],
"order3":[
 0.5186899900436401,
 0.7807940244674683,
 0.8655292391777039],
 "order4":[0.5123921036720276,
0.7812359929084778,0.8658817410469055],
"order5":[
 0.5139603614807129,
 0.7806519865989685,
 0.8654972910881042]}
